MoleculeId,PredictedProbability
1,0.725650661
2,0.000000000
3,0.170669681
4,1.000000000
5,0.800039593
